{
  "summary": {
    "total_examples": 477,
    "total_flips": 159,
    "total_non_flips": 318,
    "flip_rate": 0.3333333333333333,
    "high_confidence_flips": 55
  },
  "by_flip_type": {
    "calculation_flip": 104,
    "apparent_random": 55
  },
  "by_problem_type": {
    "decimal_comparison": {
      "total": 104,
      "flips": 104,
      "flip_rate": 1.0,
      "accuracy": 0.875
    },
    "arithmetic_word_problem": {
      "total": 150,
      "flips": 19,
      "flip_rate": 0.12666666666666668,
      "accuracy": 0.0
    },
    "percentage": {
      "total": 80,
      "flips": 13,
      "flip_rate": 0.1625,
      "accuracy": 0.0
    },
    "logic_puzzle": {
      "total": 93,
      "flips": 16,
      "flip_rate": 0.17204301075268819,
      "accuracy": 0.0
    },
    "trick_question": {
      "total": 50,
      "flips": 7,
      "flip_rate": 0.14,
      "accuracy": 0.0
    }
  },
  "by_risk_level": {
    "low": {
      "total": 233,
      "flips": 102,
      "flip_rate": 0.43776824034334766
    },
    "medium": {
      "total": 88,
      "flips": 18,
      "flip_rate": 0.20454545454545456
    },
    "high": {
      "total": 106,
      "flips": 32,
      "flip_rate": 0.3018867924528302
    },
    "very_high": {
      "total": 50,
      "flips": 7,
      "flip_rate": 0.14
    }
  },
  "by_cot_quality": {
    "mixed": {
      "total": 104,
      "flips": 104,
      "flip_rate": 1.0
    },
    "good": {
      "total": 373,
      "flips": 55,
      "flip_rate": 0.14745308310991956
    }
  },
  "accuracy": {
    "overall": 0.19077568134171907,
    "flip_answer_correct": 0.5723270440251572,
    "flip_cot_correct": 0.0,
    "non_flip_correct": 0.0
  },
  "confidence_distribution": {
    "mean": 0.7345911949685536,
    "std": 0.047566466418085665,
    "bins": [
      104,
      0,
      0,
      0,
      0,
      0,
      0,
      0,
      0,
      55
    ]
  }
}