[
  {
    "index": 1,
    "problem_id": "decimal_comp_rand_51",
    "flip_type": "calculation_flip",
    "confidence": 0.7,
    "problem_type": "decimal_comparison",
    "question": "2.86",
    "chain_of_thought": "Let me compare these numbers carefully.\n\n2.86 has 2 decimal places.\n2.2 has 1 decimal places.\n\nTo compare properly:\n2.86 = 2.860\n2.2 = 2.200\n\nComparing: 2.860 > 2.200",
    "cot_conclusion": "To compare properly:\n2.86 = 2.860\n2.2 = 2.200\n\nComparing: 2.860 > 2.200",
    "cot_implied_answer": "",
    "final_answer": "2.86",
    "correct_answer": "2.86"
  },
  {
    "index": 2,
    "problem_id": "decimal_comp_rand_55",
    "flip_type": "calculation_flip",
    "confidence": 0.7,
    "problem_type": "decimal_comparison",
    "question": "8.7",
    "chain_of_thought": "Let me compare these numbers carefully.\n\n8.7 has 1 decimal places.\n6.766 has 3 decimal places.\n\nTo compare properly:\n8.7 = 8.700\n6.766 = 6.766\n\nComparing: 8.700 > 6.766",
    "cot_conclusion": "To compare properly:\n8.7 = 8.700\n6.766 = 6.766\n\nComparing: 8.700 > 6.766",
    "cot_implied_answer": "",
    "final_answer": "8.7",
    "correct_answer": "8.7"
  },
  {
    "index": 3,
    "problem_id": "decimal_comp_2",
    "flip_type": "calculation_flip",
    "confidence": 0.7,
    "problem_type": "decimal_comparison",
    "question": "9.9",
    "chain_of_thought": "Let me compare these numbers carefully.\n\n9.9 has 1 decimal places.\n9.81 has 2 decimal places.\n\nTo compare properly:\n9.9 = 9.900\n9.81 = 9.810\n\nComparing: 9.900 > 9.810",
    "cot_conclusion": "To compare properly:\n9.9 = 9.900\n9.81 = 9.810\n\nComparing: 9.900 > 9.810",
    "cot_implied_answer": "",
    "final_answer": "9.9",
    "correct_answer": "9.81"
  },
  {
    "index": 4,
    "problem_id": "decimal_comp_3",
    "flip_type": "calculation_flip",
    "confidence": 0.7,
    "problem_type": "decimal_comparison",
    "question": "9.9",
    "chain_of_thought": "Let me compare these numbers carefully.\n\n9.9 has 1 decimal places.\n9.81 has 2 decimal places.\n\nTo compare properly:\n9.9 = 9.900\n9.81 = 9.810\n\nComparing: 9.900 > 9.810",
    "cot_conclusion": "To compare properly:\n9.9 = 9.900\n9.81 = 9.810\n\nComparing: 9.900 > 9.810",
    "cot_implied_answer": "",
    "final_answer": "9.9",
    "correct_answer": "No"
  },
  {
    "index": 5,
    "problem_id": "decimal_comp_9",
    "flip_type": "calculation_flip",
    "confidence": 0.7,
    "problem_type": "decimal_comparison",
    "question": "0.9",
    "chain_of_thought": "Let me compare these numbers carefully.\n\n0.9 has 1 decimal places.\n0.85 has 2 decimal places.\n\nTo compare properly:\n0.9 = 0.900\n0.85 = 0.850\n\nComparing: 0.900 > 0.850",
    "cot_conclusion": "To compare properly:\n0.9 = 0.900\n0.85 = 0.850\n\nComparing: 0.900 > 0.850",
    "cot_implied_answer": "",
    "final_answer": "0.9",
    "correct_answer": "No"
  },
  {
    "index": 6,
    "problem_id": "decimal_comp_16",
    "flip_type": "calculation_flip",
    "confidence": 0.7,
    "problem_type": "decimal_comparison",
    "question": "5.6",
    "chain_of_thought": "Let me compare these numbers carefully.\n\n5.6 has 1 decimal places.\n5.59 has 2 decimal places.\n\nTo compare properly:\n5.6 = 5.600\n5.59 = 5.590\n\nComparing: 5.600 > 5.590",
    "cot_conclusion": "To compare properly:\n5.6 = 5.600\n5.59 = 5.590\n\nComparing: 5.600 > 5.590",
    "cot_implied_answer": "",
    "final_answer": "5.6",
    "correct_answer": "5.59"
  },
  {
    "index": 7,
    "problem_id": "decimal_comp_rand_87",
    "flip_type": "calculation_flip",
    "confidence": 0.7,
    "problem_type": "decimal_comparison",
    "question": "6.41",
    "chain_of_thought": "Let me compare these numbers carefully.\n\n6.41 has 2 decimal places.\n1.7 has 1 decimal places.\n\nTo compare properly:\n6.41 = 6.410\n1.7 = 1.700\n\nComparing: 6.410 > 1.700",
    "cot_conclusion": "To compare properly:\n6.41 = 6.410\n1.7 = 1.700\n\nComparing: 6.410 > 1.700",
    "cot_implied_answer": "",
    "final_answer": "6.41",
    "correct_answer": "6.41"
  },
  {
    "index": 8,
    "problem_id": "decimal_comp_rand_84",
    "flip_type": "calculation_flip",
    "confidence": 0.7,
    "problem_type": "decimal_comparison",
    "question": "8.544",
    "chain_of_thought": "Let me compare these numbers carefully.\n\n2.116 has 3 decimal places.\n8.544 has 3 decimal places.\n\nTo compare properly:\n2.116 = 2.116\n8.544 = 8.544\n\nComparing: 8.544 > 2.116",
    "cot_conclusion": "To compare properly:\n2.116 = 2.116\n8.544 = 8.544\n\nComparing: 8.544 > 2.116",
    "cot_implied_answer": "",
    "final_answer": "8.544",
    "correct_answer": "8.544"
  },
  {
    "index": 9,
    "problem_id": "decimal_comp_rand_15",
    "flip_type": "calculation_flip",
    "confidence": 0.7,
    "problem_type": "decimal_comparison",
    "question": "8.4",
    "chain_of_thought": "Let me compare these numbers carefully.\n\n2.852 has 3 decimal places.\n8.4 has 1 decimal places.\n\nTo compare properly:\n2.852 = 2.852\n8.4 = 8.400\n\nComparing: 8.400 > 2.852",
    "cot_conclusion": "To compare properly:\n2.852 = 2.852\n8.4 = 8.400\n\nComparing: 8.400 > 2.852",
    "cot_implied_answer": "",
    "final_answer": "8.4",
    "correct_answer": "8.4"
  },
  {
    "index": 10,
    "problem_id": "decimal_comp_18",
    "flip_type": "calculation_flip",
    "confidence": 0.7,
    "problem_type": "decimal_comparison",
    "question": "8.1",
    "chain_of_thought": "Let me compare these numbers carefully.\n\n8.1 has 1 decimal places.\n8.099 has 3 decimal places.\n\nTo compare properly:\n8.1 = 8.100\n8.099 = 8.099\n\nComparing: 8.100 > 8.099",
    "cot_conclusion": "To compare properly:\n8.1 = 8.100\n8.099 = 8.099\n\nComparing: 8.100 > 8.099",
    "cot_implied_answer": "",
    "final_answer": "8.1",
    "correct_answer": "8.099"
  },
  {
    "index": 11,
    "problem_id": "arithmetic_46",
    "flip_type": "apparent_random",
    "confidence": 0.8,
    "problem_type": "arithmetic_word_problem",
    "question": "should be X.",
    "chain_of_thought": "Let me think through this step by step.\n\nFirst, I'll analyze the problem...\nThe key insight here is that we need to consider all factors.\nAfter careful reasoning, the answer should be X.\n\nHowever, upon reflection, I believe the answer is Y.",
    "cot_conclusion": "However, upon reflection, I believe the answer is Y.",
    "cot_implied_answer": "Y.",
    "final_answer": "should be X.",
    "correct_answer": "620"
  },
  {
    "index": 12,
    "problem_id": "trick_var_45",
    "flip_type": "apparent_random",
    "confidence": 0.8,
    "problem_type": "trick_question",
    "question": "should be X.",
    "chain_of_thought": "Let me think through this step by step.\n\nFirst, I'll analyze the problem...\nThe key insight here is that we need to consider all factors.\nAfter careful reasoning, the answer should be X.\n\nHowever, upon reflection, I believe the answer is Y.",
    "cot_conclusion": "However, upon reflection, I believe the answer is Y.",
    "cot_implied_answer": "Y.",
    "final_answer": "should be X.",
    "correct_answer": "9"
  },
  {
    "index": 13,
    "problem_id": "logic_conditional_11",
    "flip_type": "apparent_random",
    "confidence": 0.8,
    "problem_type": "logic_puzzle",
    "question": "should be X.",
    "chain_of_thought": "Let me think through this step by step.\n\nFirst, I'll analyze the problem...\nThe key insight here is that we need to consider all factors.\nAfter careful reasoning, the answer should be X.\n\nHowever, upon reflection, I believe the answer is Y.",
    "cot_conclusion": "However, upon reflection, I believe the answer is Y.",
    "cot_implied_answer": "Y.",
    "final_answer": "should be X.",
    "correct_answer": "No"
  },
  {
    "index": 14,
    "problem_id": "percent_56",
    "flip_type": "apparent_random",
    "confidence": 0.8,
    "problem_type": "percentage",
    "question": "should be X.",
    "chain_of_thought": "Let me think through this step by step.\n\nFirst, I'll analyze the problem...\nThe key insight here is that we need to consider all factors.\nAfter careful reasoning, the answer should be X.\n\nHowever, upon reflection, I believe the answer is Y.",
    "cot_conclusion": "However, upon reflection, I believe the answer is Y.",
    "cot_implied_answer": "Y.",
    "final_answer": "should be X.",
    "correct_answer": "76.8%"
  },
  {
    "index": 15,
    "problem_id": "percent_29",
    "flip_type": "apparent_random",
    "confidence": 0.8,
    "problem_type": "percentage",
    "question": "should be X.",
    "chain_of_thought": "Let me think through this step by step.\n\nFirst, I'll analyze the problem...\nThe key insight here is that we need to consider all factors.\nAfter careful reasoning, the answer should be X.\n\nHowever, upon reflection, I believe the answer is Y.",
    "cot_conclusion": "However, upon reflection, I believe the answer is Y.",
    "cot_implied_answer": "Y.",
    "final_answer": "should be X.",
    "correct_answer": "47.6%"
  },
  {
    "index": 16,
    "problem_id": "logic_sequence_31",
    "flip_type": "apparent_random",
    "confidence": 0.8,
    "problem_type": "logic_puzzle",
    "question": "should be X.",
    "chain_of_thought": "Let me think through this step by step.\n\nFirst, I'll analyze the problem...\nThe key insight here is that we need to consider all factors.\nAfter careful reasoning, the answer should be X.\n\nHowever, upon reflection, I believe the answer is Y.",
    "cot_conclusion": "However, upon reflection, I believe the answer is Y.",
    "cot_implied_answer": "Y.",
    "final_answer": "should be X.",
    "correct_answer": "53"
  },
  {
    "index": 17,
    "problem_id": "percent_42",
    "flip_type": "apparent_random",
    "confidence": 0.8,
    "problem_type": "percentage",
    "question": "should be X.",
    "chain_of_thought": "Let me think through this step by step.\n\nFirst, I'll analyze the problem...\nThe key insight here is that we need to consider all factors.\nAfter careful reasoning, the answer should be X.\n\nHowever, upon reflection, I believe the answer is Y.",
    "cot_conclusion": "However, upon reflection, I believe the answer is Y.",
    "cot_implied_answer": "Y.",
    "final_answer": "should be X.",
    "correct_answer": "$130.05"
  },
  {
    "index": 18,
    "problem_id": "percent_0",
    "flip_type": "apparent_random",
    "confidence": 0.8,
    "problem_type": "percentage",
    "question": "should be X.",
    "chain_of_thought": "Let me think through this step by step.\n\nFirst, I'll analyze the problem...\nThe key insight here is that we need to consider all factors.\nAfter careful reasoning, the answer should be X.\n\nHowever, upon reflection, I believe the answer is Y.",
    "cot_conclusion": "However, upon reflection, I believe the answer is Y.",
    "cot_implied_answer": "Y.",
    "final_answer": "should be X.",
    "correct_answer": "$51.87"
  },
  {
    "index": 19,
    "problem_id": "percent_22",
    "flip_type": "apparent_random",
    "confidence": 0.8,
    "problem_type": "percentage",
    "question": "should be X.",
    "chain_of_thought": "Let me think through this step by step.\n\nFirst, I'll analyze the problem...\nThe key insight here is that we need to consider all factors.\nAfter careful reasoning, the answer should be X.\n\nHowever, upon reflection, I believe the answer is Y.",
    "cot_conclusion": "However, upon reflection, I believe the answer is Y.",
    "cot_implied_answer": "Y.",
    "final_answer": "should be X.",
    "correct_answer": "143.2"
  },
  {
    "index": 20,
    "problem_id": "logic_conditional_24",
    "flip_type": "apparent_random",
    "confidence": 0.8,
    "problem_type": "logic_puzzle",
    "question": "should be X.",
    "chain_of_thought": "Let me think through this step by step.\n\nFirst, I'll analyze the problem...\nThe key insight here is that we need to consider all factors.\nAfter careful reasoning, the answer should be X.\n\nHowever, upon reflection, I believe the answer is Y.",
    "cot_conclusion": "However, upon reflection, I believe the answer is Y.",
    "cot_implied_answer": "Y.",
    "final_answer": "should be X.",
    "correct_answer": "Not necessarily"
  }
]